URL,Comment
https://komiko.app/,
https://komiko.app/ai-anime-generator,
https://komiko.app/ai-comic-generator,
https://komiko.app/ai-talking-head,
https://komiko.app/ai-video-restyle,
https://komiko.app/anigen-competition,
https://komiko.app/background-removal,
https://komiko.app/blog,
https://komiko.app/character/-00z0,仅保留10个
https://komiko.app/character/-01ej,
https://komiko.app/character/-0441,
https://komiko.app/character/-04x6,
https://komiko.app/character/-059w,
https://komiko.app/character/-05l3,
https://komiko.app/character/-061o,
https://komiko.app/character/-07nr,
https://komiko.app/character/-0802,
https://komiko.app/character/-08vp,
https://komiko.app/create,
https://komiko.app/filter/ai-action-figure-generator,
https://komiko.app/filter/ai-character-sheet-generator,
https://komiko.app/filter/ai-doll-generator,
https://komiko.app/filter/anime-ai-filter,
https://komiko.app/filter/studio-ghibli-ai-generator,
https://komiko.app/filter/studio-ghibli-filter,
https://komiko.app/generate,
https://komiko.app/home,
https://komiko.app/image-animation-generator,
https://komiko.app/image-relighting,
https://komiko.app/image-upscaling,
https://komiko.app/inbetween,
https://komiko.app/layer_splitter,
https://komiko.app/leaderboard,
https://komiko.app/line_art_colorization,
https://komiko.app/login,
https://komiko.app/oc-maker,
https://komiko.app/oc-maker/genshin-oc-maker,
https://komiko.app/oc-maker/marvel-oc-maker,
https://komiko.app/oc-maker/one-piece-characters-generator,
https://komiko.app/partners,
https://komiko.app/photo-to-anime,
https://komiko.app/playground,
https://komiko.app/post/0337azqgtqq4rytl,仅保留10个
https://komiko.app/post/45tsx5bnmvr9ucy7,
https://komiko.app/post/4cqj6ddl6tfmw4r2,
https://komiko.app/post/4izmb7pv3frzcq1s,
https://komiko.app/post/50axr5444zpx89a5,
https://komiko.app/post/9v9d9idg7j1m86rd,
https://komiko.app/post/aaefvqqvfbymrbrw,
https://komiko.app/post/aajexnbxjbberbiy,
https://komiko.app/post/aalmulgmfhjpuagd,
https://komiko.app/post/aaupwpbwtdkxgxce,
https://komiko.app/pricing,
https://komiko.app/profile,
https://komiko.app/publish,
https://komiko.app/register,
https://komiko.app/sketch_simplification,
https://komiko.app/tags/;p,仅保留10个
https://komiko.app/tags/:q,
https://komiko.app/tags/!!,
https://komiko.app/tags/!%3F,
https://komiko.app/tags/%20aloof,
https://komiko.app/tags/%20caring,
https://komiko.app/tags/%20collected,
https://komiko.app/tags/%20creative,
https://komiko.app/tags/%20fighter,
https://komiko.app/tags/%20flamboyant,
https://komiko.app/tools,
https://komiko.app/tools/inbetween,
https://komiko.app/tools/line_art_colorize,
https://komiko.app/video,
https://komiko.app/video_interpolation,
https://komiko.app/video_upscaler,
https://komiko.app/video_upscaling,
https://komiko.app/video-to-video,
https://komiko.app/video-to-video%22,
https://komiko.app/video/AniSora,
https://komiko.app/video/framepack,
https://komiko.app/video/magi-1,
https://komiko.app/video/marey,
https://komiko.app/video/moonvalley,
https://komiko.app/video/veo-3,
https://komiko.app/video/vidu-q1,
https://komiko.app/world,
https://komiko.app/world?character_id=-00z0,
https://komiko.app/world?character_id=-01ej,
https://komiko.app/world?character_id=-0441,
https://komiko.app/world?character_id=-04x6,
https://komiko.app/world?character_id=-059w,
https://komiko.app/world?character_id=-05l3,
https://komiko.app/world?character_id=-061o,
https://komiko.app/world?character_id=-07nr,
https://komiko.app/world?character_id=-0802,
https://komiko.app/world?character_id=-08vp,
https://komiko.app/world/create,
https://komiko.app/world/play,
https://komiko.app/world/play?character_id=-00z0,
https://komiko.app/world/play?character_id=-0441,
https://komiko.app/world/play?character_id=-04x6,
https://komiko.app/world/play?character_id=-07nr,
https://komiko.app/world/play?character_id=-0802,
https://komiko.app/world/play?character_id=-0cji,
https://komiko.app/world/play?character_id=-0hrj,
https://komiko.app/world/play?character_id=-0iek,
https://komiko.app/world/play?character_id=-0pp0,
https://komiko.app/world/play?character_id=-0qby,