URL,备注
https://openart.ai/,
https://openart.ai/about,
https://openart.ai/ai-image-generator,
https://openart.ai/ai-room-generator/,
https://openart.ai/apps/ai_qrcode,
https://openart.ai/apps/ai-filter,
https://openart.ai/apps/anime-character,
https://openart.ai/apps/creative-upscale,
https://openart.ai/apps/creative-variations,
https://openart.ai/apps/custom-stock-photos-of-people,
https://openart.ai/apps/custom-stock-photos-of-people/,
https://openart.ai/apps/facial-expression,
https://openart.ai/apps/find-and-replace,
https://openart.ai/apps/image-blender,
https://openart.ai/apps/image-to-3d,
https://openart.ai/apps/image-to-video,
https://openart.ai/apps/sketch-to-image,
https://openart.ai/apps/sketch-to-image/,
https://openart.ai/apps/sticker-generator,
https://openart.ai/apps/stock-image-transformer,
https://openart.ai/apps/stock-image-transformer/,
https://openart.ai/assets,
https://openart.ai/blog,
https://openart.ai/blog/post/dalle-alternatives,仅保留10个候选项
https://openart.ai/blog/post/dalle-vs-ideogram,
https://openart.ai/blog/post/dalle-vs-leonardo-ai,
https://openart.ai/blog/post/freepik-alternatives,
https://openart.ai/blog/post/krea-alternatives,
https://openart.ai/blog/post/leonardo-ai-alternatives,
https://openart.ai/blog/post/leonardo-ai-vs-ideogram,
https://openart.ai/blog/post/midjourney-anime-prompts,
https://openart.ai/blog/post/midjourney-prompts-for-abstract-art,
https://openart.ai/blog/post/midjourney-prompts-for-caricature,
https://openart.ai/characters,
https://openart.ai/characters/create,
https://openart.ai/characters/library,
https://openart.ai/characters/my,
https://openart.ai/community,
https://openart.ai/community/006HelGmfKReihRP221J,仅保留10个候选项
https://openart.ai/community/00F8yi6R4JYgIdGClyc0,
https://openart.ai/community/00FlN95esMP20XzQLhxD,
https://openart.ai/community/00i1Sbb2CdOvPigBEphv,
https://openart.ai/community/00rA9b5i7nthlj1cZaol,
https://openart.ai/community/00t6BMm3qiTAQcvngRnE,
https://openart.ai/community/00vIqgu8RZ9DbdYfNazm,
https://openart.ai/community/00YMnjh1AzjnaLwFrliY,
https://openart.ai/community/01ClPVZw8awypEcIavSO,
https://openart.ai/community/01D0JmU5JOqpiYEHipJd,
https://openart.ai/credit/daily-free,
https://openart.ai/credit/openart-trial,
https://openart.ai/discovery,
https://openart.ai/discovery?dataSource=md,
https://openart.ai/discovery?dataSource=md&q=game,
https://openart.ai/discovery?dataSource=sd,
https://openart.ai/discovery?dataSource=sd&q=sea&searchModel=sd,
https://openart.ai/discovery?discoveryModel=md&q=tower&searchModel=md,
https://openart.ai/discovery?q=AI%2Bartist,
https://openart.ai/discovery?q=computer%2Bpink,
https://openart.ai/discovery?q=neon%2Bportrait&searchModel=sd,
https://openart.ai/discovery?q=strange%2Blabyrinth,
https://openart.ai/discovery/generation-0dL19KBj89dZgODBIqvICJFa,仅保留10个候选项
https://openart.ai/discovery/generation-0LqCRf8CSHYIlNSf2mt5HDZl,
https://openart.ai/discovery/generation-11rTXcfeguzuAuutTzUeFBZX,
https://openart.ai/discovery/generation-1RhvJoA8iiBnZzCUeDCLvjgJ,
https://openart.ai/discovery/generation-1U54oNZVygIXd3xY2qY26hRu,
https://openart.ai/discovery/generation-1WshF84zQgKM1HFe1EECldhl,
https://openart.ai/discovery/generation-1yNU7MaLOv9Hg9vz20jVeYZq,
https://openart.ai/discovery/generation-1ZkdCVFyJ1uuu2GgazmeY4yU,
https://openart.ai/discovery/generation-2PrvNqiqVB8pC7xPYqLfsmFC,
https://openart.ai/discovery/generation-2sa1XpubuUdgMHC1C2vX5M6q,
https://openart.ai/discovery/md-0020e71f-1916-4847-aa92-8d1f9e808c38,仅保留10个候选项
https://openart.ai/discovery/md-00e77d5b-dcaf-42b9-95d9-7edb6d014651,
https://openart.ai/discovery/md-01a8cf51-3085-4bda-860b-0c6847607b55,
https://openart.ai/discovery/md-01fae096-9d57-4425-8f14-e6ba7a248998,
https://openart.ai/discovery/md-024646d2-2387-4ea5-ab67-97e6e4d63ede,
https://openart.ai/discovery/md-03713c14-9624-43ab-9685-b9c77193a0ae,
https://openart.ai/discovery/md-0423ac34-de87-4991-a2d3-10d1388a86d9,
https://openart.ai/discovery/md-04319e8a-d0d8-4d15-868a-062c6fc9b052,
https://openart.ai/discovery/md-053102b8-5e3d-45dc-8820-89dd5b1959c6,
https://openart.ai/discovery/md-05852c69-801c-45be-9efa-a87ccb100590,
https://openart.ai/discovery/sd-1005581170228068476,仅保留10个候选项
https://openart.ai/discovery/sd-1005581276771782656,
https://openart.ai/discovery/sd-1005581335278137384,
https://openart.ai/discovery/sd-1005581802112548924,
https://openart.ai/discovery/sd-1005582123236868177,
https://openart.ai/discovery/sd-1005582152739606580,
https://openart.ai/discovery/sd-1005582602062790736,
https://openart.ai/discovery/sd-1005583046541586453,
https://openart.ai/discovery/sd-1005583050958196776,
https://openart.ai/discovery/sd-1005584200302338128,
https://openart.ai/features,
https://openart.ai/features/add-beard-to-photo,
https://openart.ai/features/add-christmas-background-to-photo,
https://openart.ai/features/add-santa-hat-to-photo,
https://openart.ai/features/aging-filter,
https://openart.ai/features/ai-clothes-changer,
https://openart.ai/features/ai-clothes-remover,
https://openart.ai/features/ai-image-inpainting,
https://openart.ai/features/ai-image-to-image-generator,
https://openart.ai/features/ai-object-replacer,
https://openart.ai/features/ai-photo-editor,
https://openart.ai/features/blue-eye-filter,
https://openart.ai/features/buzz-cut-hair-filter,
https://openart.ai/features/chinese-filter,
https://openart.ai/features/cleanup-pictures,
https://openart.ai/features/crying-filter,
https://openart.ai/features/curly-hair-filter,
https://openart.ai/features/demon-slayer-filter,
https://openart.ai/features/disney-filter,
https://openart.ai/features/eyebrow-filter,
https://openart.ai/features/facial-expression-changer,
https://openart.ai/features/gta-filter,
https://openart.ai/features/hair-color-changer,
https://openart.ai/features/hairstyle-changer,
https://openart.ai/features/logo-enhancer,
https://openart.ai/features/photo-to-3d,
https://openart.ai/features/photo-to-art,
https://openart.ai/features/photo-to-avatar,
https://openart.ai/features/photo-to-caricature,
https://openart.ai/features/photo-to-cartoon,
https://openart.ai/features/photo-to-line-drawing,
https://openart.ai/features/photo-to-oil-painting,
https://openart.ai/features/photo-to-painting,
https://openart.ai/features/photo-to-sketch,
https://openart.ai/features/pixar-filter,
https://openart.ai/features/ps2-filter,
https://openart.ai/features/red-eye-filter,
https://openart.ai/features/remove-background-from-signature,
https://openart.ai/features/remove-emoji-from-photo,
https://openart.ai/features/remove-watermark-from-image,
https://openart.ai/features/skinny-filter,
https://openart.ai/features/studio-ghibli-filter,
https://openart.ai/features/style-transfer,
https://openart.ai/flow-apps,
https://openart.ai/gallery/apps/creative-upscale,
https://openart.ai/gallery/apps/creative-variations,
https://openart.ai/gallery/apps/sketch-to-image,
https://openart.ai/gallery/community-models/CSJIFKhKlt3mRr2FytZH,仅保留10个候选项
https://openart.ai/gallery/community-models/ihA1ghBRb3ImGsNYxfEm,
https://openart.ai/gallery/community-models/JiLQariHzy1WsSSyqBMq,
https://openart.ai/gallery/community-models/LTXfZnFcp8vNd2d11neF,
https://openart.ai/gallery/community-models/mFnNmCkOfV37bl4Pgr4m,
https://openart.ai/gallery/community-models/pzeHookoIKiCbaYCLGDX,
https://openart.ai/gallery/community-models/s2LltuKQheaWhHt8JfGT,
https://openart.ai/gallery/community-models/wRm6dNzZzHvs5eLmiuGL,
https://openart.ai/gallery/community-models/XBHc4K70dim8eYkpdXP7,
https://openart.ai/gallery/community-models/xY3NVCdaN9sBzgwpqRpt,
https://openart.ai/gallery/openart-selections/byteplus_seedream_3,仅保留10个候选项
https://openart.ai/gallery/openart-selections/Flux_dev,
https://openart.ai/gallery/openart-selections/Flux_Kontext,
https://openart.ai/gallery/openart-selections/Flux_Kontext_Dev,
https://openart.ai/gallery/openart-selections/Flux_Kontext_Max,
https://openart.ai/gallery/openart-selections/Flux_pro,
https://openart.ai/gallery/openart-selections/gpt-image-1,
https://openart.ai/gallery/openart-selections/imagen-3.0-generate-002,
https://openart.ai/gallery/openart-selections/openart_photorealistic,
https://openart.ai/gallery/openart-selections/qwen-image,
https://openart.ai/general_faq,
https://openart.ai/generator/action-figure,
https://openart.ai/generator/album-cover,
https://openart.ai/generator/alebrije,
https://openart.ai/generator/animal,
https://openart.ai/generator/animal-hybrid,
https://openart.ai/generator/banner,
https://openart.ai/generator/bodybuilder,
https://openart.ai/generator/book-illustration,
https://openart.ai/generator/cad-drawing,
https://openart.ai/generator/car,
https://openart.ai/generator/caricature,
https://openart.ai/generator/cartoon-character,
https://openart.ai/generator/cat,
https://openart.ai/generator/chibi,
https://openart.ai/generator/city-map,
https://openart.ai/generator/clip-art,
https://openart.ai/generator/clothing,
https://openart.ai/generator/collage,
https://openart.ai/generator/costume,
https://openart.ai/generator/cover-art,
https://openart.ai/generator/dance,
https://openart.ai/generator/demon-slayer,
https://openart.ai/generator/digimon,
https://openart.ai/generator/disney-pixar,
https://openart.ai/generator/dnd-art,
https://openart.ai/generator/dnd-map,
https://openart.ai/generator/dog,
https://openart.ai/generator/doodle,
https://openart.ai/generator/elf,
https://openart.ai/generator/emoji,
https://openart.ai/generator/face-art,
https://openart.ai/generator/family-photo,
https://openart.ai/generator/fantasy-art,
https://openart.ai/generator/fantasy-creature,
https://openart.ai/generator/fantasy-map,
https://openart.ai/generator/flag,
https://openart.ai/generator/floor-plan,
https://openart.ai/generator/flower,
https://openart.ai/generator/furniture,
https://openart.ai/generator/game-asset,
https://openart.ai/generator/gothic,
https://openart.ai/generator/graffiti,
https://openart.ai/generator/home-design,
https://openart.ai/generator/icon,
https://openart.ai/generator/jewelry,
https://openart.ai/generator/line-art,
https://openart.ai/generator/manga-art,
https://openart.ai/generator/map,
https://openart.ai/generator/movie-poster,
https://openart.ai/generator/mugshot,
https://openart.ai/generator/muppet,
https://openart.ai/generator/one-line-art,
https://openart.ai/generator/pixel-art,
https://openart.ai/generator/pokemon,
https://openart.ai/generator/pop-art,
https://openart.ai/generator/profile-picture,
https://openart.ai/generator/renaissance-painting,
https://openart.ai/generator/sketch,
https://openart.ai/generator/skybox,
https://openart.ai/generator/sports-team-logo,
https://openart.ai/generator/sprite,
https://openart.ai/generator/studio-ghibli,
https://openart.ai/generator/superhero,
https://openart.ai/generator/symbol,
https://openart.ai/generator/t-shirt-design,
https://openart.ai/generator/tattoo,
https://openart.ai/generator/texture,
https://openart.ai/generator/toy-story,
https://openart.ai/generator/watercolor,
https://openart.ai/generator/weapon,
https://openart.ai/generator/woman,
https://openart.ai/generator/word-art,
https://openart.ai/help,
https://openart.ai/home,
https://openart.ai/image/bulk,
https://openart.ai/image/character,
https://openart.ai/image/chat,
https://openart.ai/image/create,
https://openart.ai/image/create/Flux_Kontext,
https://openart.ai/image/create/gpt-image-1,
https://openart.ai/image/edit,
https://openart.ai/model_training,
https://openart.ai/models,
https://openart.ai/models/my-models,
https://openart.ai/models/openart-selections,
https://openart.ai/modeltrainingbook,
https://openart.ai/photobooth,
https://openart.ai/presets,
https://openart.ai/presets/0GtF8KfIjWTdcbc1NdBX,
https://openart.ai/pricing,
https://openart.ai/privacypolicy,
https://openart.ai/promptbook/,
https://openart.ai/search/cubism,
https://openart.ai/search/furry,
https://openart.ai/search/grimes,
https://openart.ai/search/tattoo,
https://openart.ai/search/tower,
https://openart.ai/search/Yeshua,
https://openart.ai/signin,
https://openart.ai/story,
https://openart.ai/story/community/clh486juyLLdSH7y1tst,仅保留10个候选项
https://openart.ai/story/community/EjrViJhy7UnG5YQvFGMc,
https://openart.ai/story/community/fHpNaWC2tcnPj8hSLokH,
https://openart.ai/story/community/G9I649kumcspGaZ0xLtp,
https://openart.ai/story/community/ITXUv37ToVWbQ0p3LzIa,
https://openart.ai/story/community/J7W2VO1WUkczgK1Vdgg2,
https://openart.ai/story/community/JSfgtd3WWKromyc4IAH7,
https://openart.ai/story/community/l58mxp115Clt24jcQwNt,
https://openart.ai/story/community/wuZirXMiVVFfVu38CL0N,
https://openart.ai/story/community/Z68fESoyONwwzV2cgbxc,
https://openart.ai/story/create/mv,
https://openart.ai/story/create/script,
https://openart.ai/story/create/vlog,
https://openart.ai/style-palettes,
https://openart.ai/terms,
https://openart.ai/themes,
https://openart.ai/tutorial,
https://openart.ai/video/audio,
https://openart.ai/video/elements,
https://openart.ai/video/i2v,
https://openart.ai/video/i2v/kling2.1,
https://openart.ai/video/i2v/veo3,
https://openart.ai/video/t2v,
https://openart.ai/video/upscale,
https://openart.ai/whats-new,
https://openart.ai/workflows,
https://openart.ai/workflows/0l80ZCJ7IOi4EKJLElZr,仅保留10个候选项
https://openart.ai/workflows/18UZFMnpHBz41REGv7rx,
https://openart.ai/workflows/5l3RcKm6IMo4m8aVcWnF,
https://openart.ai/workflows/aidiffusion/hunyuan_lora_teacache_-lora-ai-teacache/RIZqcsiSSd1Lj1hZoKAb,
https://openart.ai/workflows/aiguildhub/face-detailer-with-animatediff-to-restore-faces/SvyF7lU0SmsPqLQFQYsv,
https://openart.ai/workflows/ailab/flux-lora-simple/gErKNyjsnetZpEgaMTrV,
https://openart.ai/workflows/aimotion_studio/clothing-swap-ft-catvton-wrapper-layermask-segmentanythingultra-v2/ad3iLV2T9sv9TKj7cepg,
https://openart.ai/workflows/aimotion_studio/flux-redux-pulid-image-to-image-face-swap-consistent-character/pzuv0Vzi6b0huNODrZ6C,
https://openart.ai/workflows/akihungac/architecture-illustratrion-sketch-workflow/64dJRb2D0ISXSnXxWZVj,
https://openart.ai/workflows/akihungac/oiled---shiny---sweaty-skin-enhance-workflow/yTOmZJXlAnvQtEMoRDFO,